Town,Dogs Available,Services Available
beckenham,0.12633111,35
bromley,0.311381584,112
bickley,0.0,5
mottingham,0.157698934,21
sevenoaks,2.300106839,31
orpington,0.5773758449999999,17
chislehurst,0.172330328,20
sidcup,1.0023272840000002,21
dartford,2.648599456,31
tunbridge Wells,20.15008221,31
bellingham,0.10672591,30
lee,0.116801371,30
